idxPermID,@type,tr-common:hasPermId,hasOrganizationPrimaryQuote,hasPrimaryInstrument,mdaas:HeadquartersAddress,mdaas:RegisteredAddress,hasActivityStatus,tr-org:hasHeadquartersPhoneNumber,hasHoldingClassification,hasIPODate,hasLatestOrganizationFoundedDate,hasPrimaryBusinessSector,hasPrimaryEconomicSector,hasPrimaryIndustryGroup,vcard:organization-name,tr-org:hasRegisteredFaxNumber,tr-org:hasRegisteredPhoneNumber,tr-common:hasName,hasAssetClass,hasInstrumentStatus,hasPrimaryQuote,isIssuedBy,tr-org:hasLEI,isIncorporatedIn,isDomiciledIn,hasURL,hasInactiveDate,tr-org:hasHeadquartersFaxNumber
https://permid.org/1-5068315017,tr-org:Organization,5068315017,https://permid.org/1-25727442568,https://permid.org/1-25727442569,"84 State Street


BOSTON
MASSACHUSETTS
02110-1727
","84 State Street


BOSTON
MASSACHUSETTS
02110-1727
",tr-org:statusActive,17029452700.0,tr-org:publiclyHeld,2016-11-14T05:00:00Z,2018-09-06T00:00:00Z,https://permid.org/1-4294952830,https://permid.org/1-4294952723,https://permid.org/1-4294952829,Gty Technology Holdings Inc,,,,,,,,,,,,,
https://permid.org/1-5076381223,tr-org:Organization,5076381223,https://permid.org/1-25727330997,https://permid.org/1-25727331000,"1980 Festival Plaza Drive Suite 300


LAS VEGAS
NEVADA
89135
","251 Little Falls Drive
New Castle County

WILMINGTON
DELAWARE
19808
",tr-org:statusActive,13109914982.0,,,2020-06-16T00:00:00Z,https://permid.org/1-4294952737,https://permid.org/1-4294952740,https://permid.org/1-4294952736,Software Acquisition Group Inc II,13026365454.0,13026365400.0,,,,,,,,,,,
https://permid.org/1-5071160071,tr-org:Organization,5071160071,https://permid.org/1-25727361069,https://permid.org/1-25727361070,"100 Saint Paul St Ste 800


DENVER
COLORADO
80206-5144
","251 Little Falls Dr


WILMINGTON
DELAWARE
19808-1674
",tr-org:statusActive,17202846400.0,tr-org:publiclyHeld,2019-09-13T04:00:00Z,2019-05-24T00:00:00Z,https://permid.org/1-4294952737,https://permid.org/1-4294952740,https://permid.org/1-4294952736,Experience Investment Corp,13026365454.0,13026365400.0,,,,,,,,,,,
https://permid.org/1-5071497036,tr-org:Organization,5071497036,https://permid.org/1-25727356758,https://permid.org/1-25727356759,"9261 Warbler Way


LOS ANGELES
CALIFORNIA
90069
","251 Little Falls Dr


WILMINGTON
DELAWARE
19808-1674
",tr-org:statusActive,13109914982.0,tr-org:publiclyHeld,2019-11-20T05:00:00Z,2019-05-09T00:00:00Z,https://permid.org/1-4294952737,https://permid.org/1-4294952740,https://permid.org/1-4294952736,Software Acquisition Group Inc,13026365454.0,13026365400.0,,,,,,549300MSP5P41EYSIZ09,,,,,
https://permid.org/1-5037630430,tr-org:Organization,5037630430,https://permid.org/1-21514500380,https://permid.org/1-21486497214,"650 Sweet Bay Ave
PLANTATION
FLORIDA
33324-8276
","2215 Renaissance Dr Ste B
LAS VEGAS
NEVADA
89119-6727
",tr-org:statusActive,19544678170.0,,2012-11-19T05:00:00Z,2009-12-31T00:00:00Z,https://permid.org/1-4294952894,https://permid.org/1-4294952895,https://permid.org/1-4294952889,GSP-2 Inc,,,,,,,,,http://sws.geonames.org/6252001/,http://sws.geonames.org/6252001/,,,
https://permid.org/1-5071525088,tr-org:Organization,5071525088,https://permid.org/1-25727356370,https://permid.org/1-25727356371,"25 Deforest Ave Ste 108


SUMMIT
NEW JERSEY
07901-2140
","Corporation Trust Center
1209 N Orange St
WILMINGTON
DELAWARE
19801-1120
",tr-org:statusActive,12125087090.0,tr-org:publiclyHeld,2019-11-22T05:00:00Z,2019-07-31T00:00:00Z,https://permid.org/1-4294952737,https://permid.org/1-4294952740,https://permid.org/1-4294952736,CHP Merger Corp,13026555049.0,13026587581.0,,,,,,,,,,,
https://permid.org/1-5052129731,tr-org:Organization,5052129731,https://permid.org/1-25727442568,https://permid.org/1-25727442569,"1180 N Town Center Dr Ste 100
LAS VEGAS
NEVADA
89144-6363
","Cayman Islands
",tr-org:statusActive,17029452700.0,,2016-11-14T05:00:00Z,2016-08-11T00:00:00Z,https://permid.org/1-4294952737,https://permid.org/1-4294952740,https://permid.org/1-4294952736,GTY Technology Holdings Inc,,,,,,,,,http://sws.geonames.org/3580718/,http://sws.geonames.org/6252001/,https://www.gtytechnology.com/,,
https://permid.org/1-5068933591,tr-org:Organization,5068933591,https://permid.org/1-25727367979,https://permid.org/1-25727367980,"1325 Avenue of the Americas Fl 25


NEW YORK
NEW YORK
10019-6026
","251 Little Falls Dr
WILMINGTON
DELAWARE
19808-1674
",tr-org:statusActive,12126163700.0,tr-org:publiclyHeld,2019-05-21T04:00:00Z,2018-08-24T00:00:00Z,https://permid.org/1-4294952737,https://permid.org/1-4294952740,https://permid.org/1-4294952736,GX Acquisition Corp,13026365454.0,13026365400.0,,,,,,,,,,,
https://permid.org/1-5056436950,tr-org:Organization,5056436950,https://permid.org/1-25727433535,https://permid.org/1-21617737729,"C/O Thomas H Lee Partners, L.P.
100 Federal Street, 35Th Floor
BOSTON
MASSACHUSETTS
02110
","251 Little Falls Dr
WILMINGTON
DELAWARE
19808-1674
",tr-org:statusActive,16172271050.0,,2017-07-19T04:00:00Z,2017-03-21T00:00:00Z,https://permid.org/1-4294952737,https://permid.org/1-4294952740,https://permid.org/1-4294952736,Federal Street Acquisition Corp,13026365454.0,13026365400.0,,,,,,,http://sws.geonames.org/6252001/,http://sws.geonames.org/6252001/,,,
https://permid.org/1-5071553026,tr-org:Organization,5071553026,https://permid.org/1-25727356192,https://permid.org/1-25727356194,"Torre Virreyes
Pedregal No. 24, Piso 6-601
Col. Molino del Rey
MEXICO, D.F.
MEXICO, D.F.
11040
Mexico
","Cayman Islands
",tr-org:statusActive,525511002470.0,tr-org:publiclyHeld,2019-12-11T05:00:00Z,2019-10-02T00:00:00Z,https://permid.org/1-4294952737,https://permid.org/1-4294952740,https://permid.org/1-4294952736,LIV Capital Acquisition Corp,,,,,,,,,http://sws.geonames.org/3580718/,http://sws.geonames.org/3996063/,,,
https://permid.org/1-5068658872,tr-org:Organization,5068658872,https://permid.org/1-25727368823,https://permid.org/1-25727368824,"2121 Avenue of the Stars Ste 2300
LOS ANGELES
CALIFORNIA
90067-5047
","251 Little Falls Dr
WILMINGTON
DELAWARE
19808-1674
",tr-org:statusInActive,13102097280.0,,2019-05-10T04:00:00Z,2019-03-27T00:00:00Z,https://permid.org/1-4294952737,https://permid.org/1-4294952740,https://permid.org/1-4294952736,Diamond Eagle Acquisition Corp,13026365454.0,13026365400.0,,,,,,,,,,2020-04-24T00:00:00Z,
https://permid.org/1-5057950853,tr-org:Organization,5057950853,https://permid.org/1-25727415076,https://permid.org/1-25727415077,"2645 N Federal Hwy Ste 230


DELRAY BEACH
FLORIDA
33483-6111
","Corporation Trust Center
1209 Orange Street
New Castle County
WILMINGTON
DELAWARE
19801
",tr-org:statusActive,13107342300.0,tr-org:publiclyHeld,2017-11-20T05:00:00Z,2017-09-18T00:00:00Z,https://permid.org/1-4294952737,https://permid.org/1-4294952740,https://permid.org/1-4294952736,Big Rock Partners Acquisition Corp,13026555049.0,13026587581.0,,,,,,5493003FN4CLS0670T77,http://sws.geonames.org/6252001/,http://sws.geonames.org/6252001/,,,
https://permid.org/1-5057934443,tr-org:Organization,5057934443,https://permid.org/1-25727415179,https://permid.org/1-21623608855,"1001 Pennsylvania Avenue NW
Suite 220 South
WASHINGTON
WASHINGTON DC
20004
","C/O Walkers Corporate Limited
27 Hospital Road
GEORGE TOWN
KY1-9008
Cayman Islands
",tr-org:statusActive,12027295626.0,tr-org:publiclyHeld,2017-12-01T05:00:00Z,2017-09-14T00:00:00Z,https://permid.org/1-4294952737,https://permid.org/1-4294952740,https://permid.org/1-4294952736,Regalwood Global Energy Ltd,,,,,,,,549300AFETK85OIID953,http://sws.geonames.org/3580718/,http://sws.geonames.org/6252001/,https://www.carlyle.com/regalwood,,
https://permid.org/1-4296341106,tr-org:Organization,4296341106,,,"509 7Th Street, Nw
WASHINGTON
WASHINGTON DC
20004
","850 New Burton Rd Ste 201
DOVER
DELAWARE
19904-5451
",tr-org:statusActive,12026547060.0,,,2007-06-26T00:00:00Z,https://permid.org/1-4294952860,https://permid.org/1-4294952740,https://permid.org/1-4294952857,Capitol Acquisition Corp,18002535177.0,18004831140.0,,,,,,R4S05VGDNW71FTJG0Y69,http://sws.geonames.org/6252001/,http://sws.geonames.org/6252001/,http://www.capitolacquisition.com/,,
https://permid.org/1-5074626524,tr-org:Organization,5074626524,,,"Czechia
",,tr-org:statusActive,,,,,,,,Acquisition Capital Property sro,,,,,,,,315700IVUVTMJAB61L25,http://sws.geonames.org/3077311/,http://sws.geonames.org/3077311/,,,
https://permid.org/1-5044065398,tr-org:Organization,5044065398,https://permid.org/1-21551267047,https://permid.org/1-21551183355,"888 7th Ave Fl 17
NEW YORK
NEW YORK
10106-0001
","850 New Burton Rd Ste 201
DOVER
DELAWARE
19904-5451
",tr-org:statusActive,12129745710.0,,2015-02-06T05:00:00Z,2014-07-24T00:00:00Z,https://permid.org/1-4294952737,https://permid.org/1-4294952740,https://permid.org/1-4294952736,Barington/Hilco Acquisition Corp,18002535177.0,18004831140.0,,,,,,,http://sws.geonames.org/6252001/,http://sws.geonames.org/6252001/,,,
https://permid.org/1-5034762323,tr-org:Organization,5034762323,https://permid.org/1-21524129094,https://permid.org/1-21475882501,"Two Sound View Drive
GREENWICH
CONNECTICUT
06830
","FH Chambers
P.O. Box 4649, Road Town
TORTOLA
VG1110
British Virgin Islands
",tr-org:statusActive,12036224903.0,,,2011-03-11T00:00:00Z,https://permid.org/1-4294952737,https://permid.org/1-4294952740,https://permid.org/1-4294952736,Blue Wolf Mongolia Holdings Corp,,,,,,,,,http://sws.geonames.org/3577718/,http://sws.geonames.org/6252001/,,,
https://permid.org/1-5074626042,tr-org:Organization,5074626042,,,"Czechia
",,tr-org:statusActive,,,,,,,,Acquisition Capital Invest sro,,,,,,,,315700GN43UAVPA2TL36,http://sws.geonames.org/3077311/,http://sws.geonames.org/3077311/,,,
https://permid.org/1-5058533604,tr-org:Organization,5058533604,https://permid.org/1-25727416035,https://permid.org/1-21625433316,"1308 Race St Ste 200


CINCINNATI
OHIO
45202
","251 Little Falls Dr
WILMINGTON
DELAWARE
19808-1674
",tr-org:statusActive,15136187161.0,tr-org:publiclyHeld,2017-11-17T05:00:00Z,2016-03-15T00:00:00Z,https://permid.org/1-4294952737,https://permid.org/1-4294952740,https://permid.org/1-4294952736,Legacy Acquisition Corp,13026365454.0,13026365400.0,,,,,,,http://sws.geonames.org/6252001/,http://sws.geonames.org/6252001/,http://www.legacyacquisition.com/index.html,,
https://permid.org/1-4297756134,tr-org:Organization,4297756134,,,"9A
Canada
",,tr-org:statusActive,,,,,,,,Capital Acquisition Corp,,,,,,,,,http://sws.geonames.org/6251999/,http://sws.geonames.org/6251999/,,,
https://permid.org/1-4298052948,tr-org:Organization,4298052948,https://permid.org/1-55845586042,https://permid.org/1-8591217057,"1775 Valley Farm Rd Suite 81
PICKERING
ONTARIO
L1V 7J9
Canada
","Suite 81
1775 Valley Farm Road



PICKERING
ONTARIO
L1V 7J9
Canada
",tr-org:statusActive,14164189802.0,,,2010-09-24T00:00:00Z,,,,Penfold Capital Acquisition III Corp,,,,,,,,,http://sws.geonames.org/6251999/,http://sws.geonames.org/6251999/,,,14164189802.0
https://permid.org/1-5059076783,tr-org:Organization,5059076783,https://permid.org/1-25727410617,https://permid.org/1-25727410620,"780 Fifth Avenue South


NAPLES
FLORIDA
34102
","251 Little Falls Dr
WILMINGTON
DELAWARE
19808-1674
",tr-org:statusActive,14129604687.0,,2018-01-25T05:00:00Z,2017-04-12T00:00:00Z,https://permid.org/1-4294952737,https://permid.org/1-4294952740,https://permid.org/1-4294952736,Gordon Pointe Acquisition Corp,13026365454.0,13026365400.0,,,,,,549300TLMKHYWBAZGD30,http://sws.geonames.org/6252001/,http://sws.geonames.org/6252001/,http://www.gordonpointe.com/,,14129271958.0
https://permid.org/1-5041066831,tr-org:Organization,5041066831,,,"United States
",,tr-org:statusInActive,,,,,,,,Prime Acquisition Corp,,,,,,,,,http://sws.geonames.org/6252001/,http://sws.geonames.org/6252001/,,2014-02-05T00:00:00Z,
https://permid.org/1-5059014446,tr-org:Organization,5059014446,,,"250 W 57th St Ste 2223
NEW YORK
NEW YORK
10107-0013
","Corporation Trust Center
1209 Orange Street
New Castle County
WILMINGTON
DELAWARE
19801
",tr-org:statusActive,16465656940.0,,,1988-11-23T00:00:00Z,,,,Leisure Acquisition Corp,13026555049.0,13026587581.0,,,,,,,http://sws.geonames.org/6252001/,http://sws.geonames.org/6252001/,,,
https://permid.org/1-5000144479,tr-org:Organization,5000144479,https://permid.org/1-25727434047,https://permid.org/1-25727427746,"PENNSYLVANIA
",,tr-org:statusInActive,,,,1996-10-23T00:00:00Z,,,,Atlantic Acquisition Corp,,,,,,,,,http://sws.geonames.org/6252001/,http://sws.geonames.org/6252001/,,2015-02-28T00:00:00Z,
https://permid.org/1-5001139114,tr-org:Organization,5001139114,https://permid.org/1-25727414088,https://permid.org/1-25727414089,"250 West 57Th St.
Suite 415

NEW YORK
NEW YORK
10107
","251 Little Falls Dr
WILMINGTON
DELAWARE
19808-1674
",tr-org:statusActive,16465656940.0,tr-org:publiclyHeld,2017-12-01T05:00:00Z,2017-09-11T00:00:00Z,https://permid.org/1-4294952737,https://permid.org/1-4294952740,https://permid.org/1-4294952736,Leisure Acquisition Corp,13026365454.0,13026365400.0,,,,,,,http://sws.geonames.org/6252001/,http://sws.geonames.org/6252001/,http://leisureacq.com/,,
https://permid.org/1-5037939806,tr-org:Organization,5037939806,,,"United States
",,tr-org:statusActive,,,,,,,,Prime Acquisition Corp,,,,,,,,,http://sws.geonames.org/6252001/,http://sws.geonames.org/6252001/,,,
https://permid.org/1-5074843479,tr-org:Organization,5074843479,,,"36th Floor
1250 Broadway

NEW YORK
NEW YORK
10001
",,tr-org:statusActive,,,,,,,,Atlantic Acquisition Corp,,,,,,,,549300WRMUYUP8KYFH93,,,,,
https://permid.org/1-5050279097,tr-org:Organization,5050279097,,,"United States
",,tr-org:statusActive,,,,,,,,Leisure Acquisition Corp,,,,,,,,,,http://sws.geonames.org/6252001/,,,
https://permid.org/1-5061186740,tr-org:Organization,5061186740,https://permid.org/1-25727409762,https://permid.org/1-25727409764,"4218 Ne 2Nd Avenue
2Nd Floor

MIAMI
FLORIDA
33137
","1013 Centre Rd Ste 403-B
WILMINGTON
DELAWARE
19805-1270
",tr-org:statusActive,13055733900.0,tr-org:publiclyHeld,2018-03-13T04:00:00Z,2017-07-24T00:00:00Z,https://permid.org/1-4294952737,https://permid.org/1-4294952740,https://permid.org/1-4294952736,Opes Acquisition Corp,18458183588.0,13024977115.0,,,,,,549300TMBK34NK5FIQ38,http://sws.geonames.org/6252001/,http://sws.geonames.org/3996063/,,,
https://permid.org/1-5001451198,tr-org:Organization,5001451198,https://permid.org/1-21475831667,https://permid.org/1-21475831621,"No. 322, Zhongshan East Road
Shijiazhuang
SHIJIAZHUANG
HEBEI
050011
China (Mainland)
","Cricket Square
Hutchins Drive
PO Box 2681
GRAND CAYMAN
KY1-1111
Cayman Islands
",tr-org:statusActive,4152906986.0,tr-org:publiclyHeld,2011-03-24T04:00:00Z,2010-02-04T00:00:00Z,https://permid.org/1-4294952737,https://permid.org/1-4294952740,https://permid.org/1-4294952736,Prime Acquisition Corp,,,,,,,,,http://sws.geonames.org/3580718/,http://sws.geonames.org/1814991/,https://ir.primeacq.com/,,
https://permid.org/1-5052157170,tr-org:Organization,5052157170,https://permid.org/1-25727426357,https://permid.org/1-25727426360,"19319 Arenth Avenue


CITY OF INDUSTRY
CALIFORNIA
91748
","850 New Burton Rd Ste 201
DOVER
DELAWARE
19904-5451
",tr-org:statusActive,16263381090.0,tr-org:publiclyHeld,2017-08-09T04:00:00Z,2016-05-19T00:00:00Z,https://permid.org/1-4294952880,https://permid.org/1-4294952895,https://permid.org/1-4294952879,Hf Foods Group Inc,18002535177.0,18004831140.0,,,,,,54930040ARMFXM6CL697,http://sws.geonames.org/6252001/,http://sws.geonames.org/6252001/,https://hffoodsgroup.com/,,
https://permid.org/1-4295902772,tr-org:Organization,4295902772,https://permid.org/1-55835381891,https://permid.org/1-8590021312,"641 Lexington Ave Fl 17
NEW YORK
NEW YORK
10022-4503
","Corporation Trust Center
1209 Orange Street
New Castle County
WILMINGTON
DELAWARE
19801
",tr-org:statusActive,,,,1995-08-09T00:00:00Z,https://permid.org/1-4294952931,https://permid.org/1-4294952746,https://permid.org/1-4294952930,Centerpoint Corp,13026555049.0,13026587581.0,,,,,,,http://sws.geonames.org/6252001/,http://sws.geonames.org/6252001/,,,
https://permid.org/1-5028045540,tr-org:Organization,5028045540,https://permid.org/1-21529255759,https://permid.org/1-21529255760,"66 Ford Rd Ste 230
DENVILLE
NEW JERSEY
07834-1300
","DELAWARE
95050
",tr-org:statusActive,19739836300.0,tr-org:publiclyHeld,2011-08-11T04:00:00Z,2011-01-12T00:00:00Z,https://permid.org/1-4294952852,https://permid.org/1-4294952853,https://permid.org/1-4294952848,Healthcare Corporation of America,,,,,,,,,http://sws.geonames.org/6252001/,http://sws.geonames.org/6252001/,,,
https://permid.org/1-5054881820,tr-org:Organization,5054881820,https://permid.org/1-25727438238,https://permid.org/1-21609620626,"3414 Peachtree Rd NE Ste 480
ATLANTA
GEORGIA
30326-1828
","251 Little Falls Dr
WILMINGTON
DELAWARE
19808-1674
",tr-org:statusInActive,14044431182.0,,2017-05-12T04:00:00Z,2014-06-09T00:00:00Z,https://permid.org/1-4294952737,https://permid.org/1-4294952740,https://permid.org/1-4294952736,Modern Media Acquisition Corp,13026365454.0,13026365400.0,,,,,,549300BRFBIV1PMVFM21,http://sws.geonames.org/6252001/,http://sws.geonames.org/6252001/,,2019-09-11T00:00:00Z,
https://permid.org/1-5001195180,tr-org:Organization,5001195180,https://permid.org/1-21475553388,https://permid.org/1-21475553387,"Podium
L 9 530 Collins Street
MELBOURNE
VICTORIA
3000
Australia
","Clifton House
75 Fort Street
PO Box 1350
GRAND CAYMAN
1-1108
Cayman Islands
",tr-org:statusActive,61293806899.0,,,2010-07-29T00:00:00Z,https://permid.org/1-4294952737,https://permid.org/1-4294952740,https://permid.org/1-4294952736,Australia Acquisition Corp,,,,,,,,,http://sws.geonames.org/3580718/,http://sws.geonames.org/2077456/,,,
https://permid.org/1-5054412488,tr-org:Organization,5054412488,https://permid.org/1-25727437810,https://permid.org/1-21607801584,"5221 N O Connor Blvd Fl 11
IRVING
TEXAS
75039-3714
","850 New Burton Rd Ste 201
DOVER
DELAWARE
19904-5451
",tr-org:statusActive,19724321440.0,,2017-04-11T04:00:00Z,2017-02-08T00:00:00Z,https://permid.org/1-4294952737,https://permid.org/1-4294952740,https://permid.org/1-4294952736,Vantage Energy Acquisition Corp,18002535177.0,18004831140.0,,,,,,,http://sws.geonames.org/6252001/,http://sws.geonames.org/6252001/,https://vantageenergy.com/,,
https://permid.org/1-4298363541,tr-org:Organization,4298363541,,,"Glendenning
203 Power Street
GIGNAC
NEW SOUTH WALES
2761
Australia
","NEW SOUTH WALES
2761
Australia
",tr-org:statusActive,61298391111.0,,,1998-02-26T00:00:00Z,,,,Valspar (Australia) Acquisition Corporation Pty Ltd,,,,,,,,,http://sws.geonames.org/2077456/,http://sws.geonames.org/2077456/,,,61298391126.0
https://permid.org/1-5071118550,tr-org:Organization,5071118550,https://permid.org/1-25727364808,https://permid.org/1-25727364809,"19 Rue de Bitbourg


LUXEMBOURG
1273
Luxembourg
","19, rue de Bitbourg
LUXEMBOURG
1273
Luxembourg
",tr-org:statusActive,,,2019-09-11T04:00:00Z,2019-03-13T00:00:00Z,https://permid.org/1-4294952830,https://permid.org/1-4294952723,https://permid.org/1-4294952829,Akazoo SA,,,,,,,,54930042WMZ25L7QXJ87,http://sws.geonames.org/2960313/,http://sws.geonames.org/2960313/,,,
https://permid.org/1-5068307106,tr-org:Organization,5068307106,,,"3414 Peachtree Rd NE Ste 480
ATLANTA
GEORGIA
30326-1828
",,tr-org:statusActive,14044431182.0,,,,,,,Modern Media Acquisition SA Corp,,,,,,,,,http://sws.geonames.org/2960313/,,,,
https://permid.org/1-5065976494,tr-org:Organization,5065976494,https://permid.org/1-25727369970,https://permid.org/1-25727369971,"40 Wall St Fl 29


NEW YORK
NEW YORK
10005-1485
","5348 Vegas Dr




LAS VEGAS
NEVADA
89108
",tr-org:statusActive,19172890932.0,tr-org:publiclyHeld,2019-05-22T04:00:00Z,2018-07-27T00:00:00Z,https://permid.org/1-4294952737,https://permid.org/1-4294952740,https://permid.org/1-4294952736,Proficient Alpha Acquisition Corp,,,,,,,,549300K8CYX0YLHICY89,http://sws.geonames.org/6252001/,http://sws.geonames.org/6252001/,http://paac-us.com/,,
https://permid.org/1-5064566900,tr-org:Organization,5064566900,https://permid.org/1-25727400812,https://permid.org/1-21650293761,"777 Third Avenue, 37Th Floor


NEW YORK
NEW YORK
10017
","1013 Centre Rd Ste 403-B
WILMINGTON
DELAWARE
19805-1270
",tr-org:statusActive,12123197676.0,tr-org:publiclyHeld,2018-07-03T04:00:00Z,2017-08-07T00:00:00Z,https://permid.org/1-4294952737,https://permid.org/1-4294952740,https://permid.org/1-4294952736,Allegro Merger Corp,18458183588.0,13024977115.0,,,,,,5493009YVGQK5AKMLC79,http://sws.geonames.org/6252001/,http://sws.geonames.org/6252001/,,,
https://permid.org/1-5064572742,tr-org:Organization,5064572742,https://permid.org/1-25727399843,https://permid.org/1-25727399844,"A M F Building
25-28 Old Burlington Street
LONDON
W1S 3AN
United Kingdom
","PO Box 309, Ugland House
GRAND CAYMAN
KY1-1104
Cayman Islands
",tr-org:statusActive,442030962150.0,tr-org:publiclyHeld,2018-06-20T04:00:00Z,2017-11-30T00:00:00Z,https://permid.org/1-4294952999,https://permid.org/1-4294952782,https://permid.org/1-4294952992,Brooge Holdings Ltd,,,,,,,,,http://sws.geonames.org/3580718/,http://sws.geonames.org/2635167/,,,
https://permid.org/1-5036787390,tr-org:Organization,5036787390,https://permid.org/1-21518568440,https://permid.org/1-21518567197,"75 Rockefeller Plz Fl 14
NEW YORK
NEW YORK
10019-6936
","850 New Burton Rd Ste 201
DOVER
DELAWARE
19904-5451
",tr-org:statusActive,12123508250.0,,2013-02-04T05:00:00Z,2011-07-22T00:00:00Z,https://permid.org/1-4294952737,https://permid.org/1-4294952740,https://permid.org/1-4294952736,Chart Acquisition Corp,18002535177.0,18004831140.0,,,,,,,http://sws.geonames.org/6252001/,http://sws.geonames.org/6252001/,,,
https://permid.org/1-5035167134,tr-org:Organization,5035167134,https://permid.org/1-21475893259,https://permid.org/1-21475893241,"90 Kifissias Avenue
Maroussi

ATHINA
ATTIKI
15125
Greece
","





Marshall Islands
",tr-org:statusInActive,302108764858.0,,,2010-11-01T00:00:00Z,https://permid.org/1-4294952737,https://permid.org/1-4294952740,https://permid.org/1-4294952736,Nautilus Marine Acquisition Corp,,,,,,,,,http://sws.geonames.org/2080185/,http://sws.geonames.org/390903/,http://www.nautilusacquisition.com/,2013-10-25T00:00:00Z,
https://permid.org/1-4295899545,tr-org:Organization,4295899545,https://permid.org/1-55835097341,https://permid.org/1-8589977082,"151 S El Camino Dr


BEVERLY HILLS
CALIFORNIA
90212
","Corporation Trust Center
1209 Orange Street
New Castle County
WILMINGTON
DELAWARE
19801
",tr-org:statusActive,13108876400.0,tr-org:publiclyHeld,2007-11-15T05:00:00Z,2007-07-09T00:00:00Z,,,,Kennedy-Wilson Holdings Inc,13026555049.0,13026587581.0,,,,,,549300MOI1T78144X610,http://sws.geonames.org/6252001/,http://sws.geonames.org/6252001/,https://www.kennedywilson.com/,,13108873410.0
https://permid.org/1-5000359624,tr-org:Organization,5000359624,,,"200 VESEY ST
NEW YORK
NEW YORK
",,tr-org:statusActive,,,,,,,,American Express Business Loan Corp,,,,,,,,,http://sws.geonames.org/6252001/,http://sws.geonames.org/6252001/,,,
https://permid.org/1-4296059434,tr-org:Organization,4296059434,,,"3835 Presidential Pkwy
ATLANTA
GEORGIA
30340
",,tr-org:statusActive,17709860246.0,,,,,,,American Business Leasing Inc,,,,,,,,,http://sws.geonames.org/6252001/,http://sws.geonames.org/6252001/,http://www.americanbusinessleasing.com,,17709869553.0
https://permid.org/1-5001181805,tr-org:Organization,5001181805,https://permid.org/1-21475095511,https://permid.org/1-21475094423,"City View Plaza Two, Suite 6000
48 Road 165
GUAYNABO
00968-8060
Puerto Rico
","Ugland House
PO Box 309
GRAND CAYMAN
1-1104
Cayman Islands
",tr-org:statusInActive,17879939650.0,,,2010-04-20T00:00:00Z,,,,Cazador Acquisition Corp Ltd,,,,,,,,,http://sws.geonames.org/3580718/,http://sws.geonames.org/4566966/,http://www.cazador1.com/,2012-06-12T00:00:00Z,17879939651.0
https://permid.org/1-5052141127,tr-org:Organization,5052141127,https://permid.org/1-25727442527,https://permid.org/1-21597664307,"Tower A, Wangxin Building
28 Xiaoyun Rd
BEIJING
BEIJING
100027
China (Mainland)
","Trust Company Complex, Ajeltake Road
Ajeltake Island
MAJURO
MH96960
Marshall Islands
",tr-org:statusActive,113232475935.0,tr-org:publiclyHeld,2016-11-18T05:00:00Z,2016-06-24T00:00:00Z,https://permid.org/1-4294952737,https://permid.org/1-4294952740,https://permid.org/1-4294952736,Hunter Maritime Acquisition Corp,,,,,,,,549300KJQ5Q6XRM8JY54,http://sws.geonames.org/2080185/,http://sws.geonames.org/1814991/,,,
https://permid.org/1-5034758837,tr-org:Organization,5034758837,https://permid.org/1-21475881083,https://permid.org/1-21475881081,"18-19/F, Zhongshan Building A,
No. 154 Hudong Road

FUZHOU
FUJIAN
350001
China (Mainland)
","Cayman Islands
",tr-org:statusActive,8659187271266.0,tr-org:publiclyHeld,2011-06-02T04:00:00Z,2010-01-18T00:00:00Z,https://permid.org/1-4294952894,https://permid.org/1-4294952895,https://permid.org/1-4294952889,Pingtan Marine Enterprise Ltd,,,,,,,,,http://sws.geonames.org/3580718/,http://sws.geonames.org/1814991/,https://www.ptmarine.com/,,
https://permid.org/1-4295900385,tr-org:Organization,4295900385,https://permid.org/1-55835381765,https://permid.org/1-8590943359,"222 Grace Church St Ste 300
PORT CHESTER
NEW YORK
10573-5168
","36 South 18th Avenue Suite D


BRIGHTON
COLORADO
80601
",tr-org:statusActive,19149395081.0,tr-org:publiclyHeld,1998-05-21T04:00:00Z,1987-01-16T00:00:00Z,https://permid.org/1-4294952737,https://permid.org/1-4294952740,https://permid.org/1-4294952736,American Business Corp,,,,,,,,,http://sws.geonames.org/6252001/,http://sws.geonames.org/6252001/,,,
https://permid.org/1-4297095105,tr-org:Organization,4297095105,,,"BALA CYNWYD
PENNSYLVANIA
19004
","PENNSYLVANIA
",tr-org:statusActive,,,,,,,,American Business Credit Corp,,,,,,,,,http://sws.geonames.org/6252001/,http://sws.geonames.org/6252001/,,,
https://permid.org/1-5036203455,tr-org:Organization,5036203455,,,,,tr-org:statusActive,,,,,,,,American Business Services Corp,,,,,,,,,http://sws.geonames.org/6252001/,,,,
https://permid.org/1-4295905253,tr-org:Organization,4295905253,https://permid.org/1-55839510807,https://permid.org/1-8590016122,"9821 Katy Fwy Ste 101
HOUSTON
TEXAS
77024-1209
","CORPORATION TRUST CENTER
1209 ORANGE STREET
WILMINGTON
DELAWARE
19801
",tr-org:statusInActive,17137227808.0,,,2004-05-19T00:00:00Z,https://permid.org/1-4294952739,https://permid.org/1-4294952740,https://permid.org/1-4294952738,Coastal Bancshares Acquisition Corp,13026555049.0,13026587581.0,,,,,,,http://sws.geonames.org/6252001/,http://sws.geonames.org/6252001/,,2007-02-26T00:00:00Z,
https://permid.org/1-5064659367,tr-org:Organization,5064659367,https://permid.org/1-25727397750,https://permid.org/1-21656707225,"545 5th Ave Rm 1400
NEW YORK
NEW YORK
10017-3651
","251 Little Falls Dr
WILMINGTON
DELAWARE
19808-1674
",tr-org:statusActive,12122350434.0,tr-org:publiclyHeld,2018-08-22T04:00:00Z,2017-11-13T00:00:00Z,https://permid.org/1-4294952737,https://permid.org/1-4294952740,https://permid.org/1-4294952736,Megalith Financial Acquisition Corp,13026365454.0,13026365400.0,,,,,,,http://sws.geonames.org/6252001/,http://sws.geonames.org/6252001/,https://www.megalithfinancial.com/,,
https://permid.org/1-5070762041,tr-org:Organization,5070762041,https://permid.org/1-25727368368,https://permid.org/1-21702017640,"5949 Sherry Ln Ste 1010


DALLAS
TEXAS
75225-8076
","850 New Burton Rd Ste 201
DOVER
DELAWARE
19904-5786
",tr-org:statusActive,19725149535.0,tr-org:publiclyHeld,2019-07-26T04:00:00Z,2019-05-10T00:00:00Z,https://permid.org/1-4294952737,https://permid.org/1-4294952740,https://permid.org/1-4294952736,Switchback Energy Acquisition Corp,18002535177.0,18004831140.0,,,,,,,,,https://switchback-energy.com/,,
https://permid.org/1-5067946063,tr-org:Organization,5067946063,https://permid.org/1-25727374762,https://permid.org/1-25727374763,"3485 N Pines Way Ste 110


WILSON
WYOMING
83014-9215
","251 Little Falls Dr


WILMINGTON
DELAWARE
19808-1674
",tr-org:statusActive,13077344849.0,tr-org:publiclyHeld,2019-03-01T05:00:00Z,2018-08-06T00:00:00Z,https://permid.org/1-4294952737,https://permid.org/1-4294952740,https://permid.org/1-4294952736,Hennessy Capital Acquisition Corp IV,13026365454.0,13026365400.0,,,,,,,,,,,
https://permid.org/1-5040271902,tr-org:Organization,5040271902,https://permid.org/1-21536160843,https://permid.org/1-21536146513,"525 S Flagler Dr Ste 201


WEST PALM BEACH
FLORIDA
33401-5932
","3411 Silverside Road Rodney Building #104,New Castle County


WILMINGTON
DELAWARE
19810
",tr-org:statusInActive,15619321601.0,,2014-01-27T05:00:00Z,2013-10-01T00:00:00Z,https://permid.org/1-4294952737,https://permid.org/1-4294952740,https://permid.org/1-4294952736,Cambridge Capital Acquisition Corp,,13023513367.0,,,,,,549300XB7A63EF7L3U50,http://sws.geonames.org/6252001/,http://sws.geonames.org/6252001/,http://www.cambridgecapital.com/index.html,2015-12-23T00:00:00Z,
https://permid.org/1-5063772055,tr-org:Organization,5063772055,https://permid.org/1-25727400998,https://permid.org/1-25727400999,"600 Madison Ave Ste 1802
NEW YORK
NEW YORK
10022-1748
","874 Walker Rd Ste C
DOVER
DELAWARE
19904-2778
",tr-org:statusActive,12126881005.0,tr-org:publiclyHeld,2018-06-20T04:00:00Z,2017-06-29T00:00:00Z,https://permid.org/1-4294952737,https://permid.org/1-4294952740,https://permid.org/1-4294952736,LF Capital Acquisition Corp,18002608118.0,18008998648.0,,,,,,,http://sws.geonames.org/6252001/,http://sws.geonames.org/6252001/,,,
https://permid.org/1-5040241591,tr-org:Organization,5040241591,https://permid.org/1-21529564218,https://permid.org/1-21528413604,"510 Madison Ave Fl 9
NEW YORK
NEW YORK
10022-5730
","Corporation Trust Center
1209 Orange Street
New Castle County
WILMINGTON
DELAWARE
19801
",tr-org:statusActive,12128250400.0,,2013-09-17T04:00:00Z,2013-06-28T00:00:00Z,https://permid.org/1-4294952737,https://permid.org/1-4294952740,https://permid.org/1-4294952736,ROI Acquisition Corp II,13026555049.0,13026587581.0,,,,,,,http://sws.geonames.org/6252001/,http://sws.geonames.org/6252001/,,,
https://permid.org/1-5055410079,tr-org:Organization,5055410079,,,"150 E 52nd St
NEW YORK
NEW YORK
10022-6017
",,tr-org:statusActive,,,,,,,,Investment Acquisition GP Corp LLC,,,,,,,,,,http://sws.geonames.org/6252001/,,,
https://permid.org/1-5001224731,tr-org:Organization,5001224731,https://permid.org/1-21475784808,https://permid.org/1-21475784741,"Suite 1000
3 Bethesda Metro Center

BETHESDA
MARYLAND
20814
","701 S Carson St Ste 200




CARSON CITY
NEVADA
89701
",tr-org:statusActive,13012807700.0,,,2010-11-12T00:00:00Z,https://permid.org/1-4294952737,https://permid.org/1-4294952740,https://permid.org/1-4294952736,RLJ Acquisition Inc,,,,,,,,,http://sws.geonames.org/6252001/,http://sws.geonames.org/6252001/,http://www.rljcompanies.com/companies/rlj-acquisition-inc/,,
https://permid.org/1-5073965378,tr-org:Organization,5073965378,,,"412 W. 15th Street
Floor 9
NEW YORK
NEW YORK
10011
",,tr-org:statusActive,16463439298.0,,,,https://permid.org/1-4294952737,https://permid.org/1-4294952740,https://permid.org/1-4294952736,Health Sciences Acquisitions Corp,,,,,,,,,,,,,
https://permid.org/1-5068312521,tr-org:Organization,5068312521,https://permid.org/1-25727373466,https://permid.org/1-25727373467,"405 Lexington Ave Fl 48


NEW YORK
NEW YORK
10174-0002
","251 Little Falls Dr
WILMINGTON
DELAWARE
19808-1674
",tr-org:statusActive,12125032855.0,tr-org:publiclyHeld,2019-03-15T04:00:00Z,2018-09-26T00:00:00Z,https://permid.org/1-4294952737,https://permid.org/1-4294952740,https://permid.org/1-4294952736,Trine Acquisition Corp,13026365454.0,13026365400.0,,,,,,,,,https://trineacquisitioncorp.com/,,
https://permid.org/1-5073404055,tr-org:Organization,5073404055,https://permid.org/1-25727347346,https://permid.org/1-25727347348,"317 University Avenue, Suite 200
PALO ALTO
CALIFORNIA
94301
","Cayman Islands
",tr-org:statusActive,16503885937.0,tr-org:publiclyHeld,2020-03-17T04:00:00Z,2019-10-18T00:00:00Z,https://permid.org/1-4294952737,https://permid.org/1-4294952740,https://permid.org/1-4294952736,Social Capital Hedosophia Holdings Corp III,,,,,,,,,http://sws.geonames.org/3580718/,,,,
https://permid.org/1-5073778447,tr-org:Organization,5073778447,,,"301 Commerce Street, Suite


FORT WORTH
TEXAS
3300
",,tr-org:statusActive,18178714651.0,,,2019-07-11T00:00:00Z,,,,Tpg Pace IV Holdings Corp.,,,,,,,,,,http://sws.geonames.org/3580718/,,,
https://permid.org/1-5074200572,tr-org:Organization,5074200572,https://permid.org/1-25727340547,https://permid.org/1-25727340549,"200 West Street


NEW YORK
NEW YORK
10282
","251 Little Falls Drive
New Castle County

WILMINGTON
DELAWARE
19808
",tr-org:statusActive,12129021000.0,tr-org:publiclyHeld,2020-08-20T04:00:00Z,2018-05-31T00:00:00Z,https://permid.org/1-4294952737,https://permid.org/1-4294952740,https://permid.org/1-4294952736,GS Acquisition Holdings Corp II,13026365454.0,13026365400.0,,,,,,549300BNTOWVWFNVTJ65,,,,,
https://permid.org/1-5000873416,tr-org:Organization,5000873416,,,"FLORIDA
","FLORIDA
",tr-org:statusActive,,,,,https://permid.org/1-4294952866,https://permid.org/1-4294952740,https://permid.org/1-4294952865,American Financial Acquisition Corp,,,,,,,,,http://sws.geonames.org/6252001/,http://sws.geonames.org/6252001/,,,
https://permid.org/1-5055418885,tr-org:Organization,5055418885,,,"Canada
",,tr-org:statusActive,,,,,,,,Aquisition Finance Corp,,,,,,,,,,http://sws.geonames.org/6251999/,,,
https://permid.org/1-5074234818,tr-org:Organization,5074234818,,,"200 West Street


NEW YORK
NEW YORK
10282
","190 Elgin Avenue


GEORGE TOWN
KY1-9005
Cayman Islands
",tr-org:statusActive,,,,,,,,GS Acquisition Holdings III Corp,,,,,,,,549300NA58CSNQ25S616,http://sws.geonames.org/3580718/,,,,
https://permid.org/1-5001129352,tr-org:Organization,5001129352,,,"Spain
",,tr-org:statusActive,,,,,,,,Gescapital,,,,,,,,,,http://sws.geonames.org/2510769/,,,
https://permid.org/1-5068657674,tr-org:Organization,5068657674,https://permid.org/1-25727368021,https://permid.org/1-25727368022,"Room 1108, 11Th Fl,Block B
New Madison Plaza, 14 Science Museum Rd



OOOOO
Hong Kong
","Vistra Corporate Services Centre
Wickhams Cay II
TORTOLA
VG1110
British Virgin Islands
",tr-org:statusActive,85239984852.0,tr-org:publiclyHeld,2019-05-14T04:00:00Z,2018-10-08T00:00:00Z,https://permid.org/1-4294952737,https://permid.org/1-4294952740,https://permid.org/1-4294952736,AGBA Acquisition Ltd,,,,,,,,5493006NA1XBERP7JE98,http://sws.geonames.org/3577718/,http://sws.geonames.org/1819729/,,,
https://permid.org/1-5066615785,tr-org:Organization,5066615785,https://permid.org/1-25727383014,https://permid.org/1-25727383017,"110 E 59th St


NEW YORK
NEW YORK
10022
","251 Little Falls Dr
WILMINGTON
DELAWARE
19808-1674
",tr-org:statusActive,12129385000.0,tr-org:publiclyHeld,2018-12-13T05:00:00Z,2014-07-09T00:00:00Z,https://permid.org/1-4294952737,https://permid.org/1-4294952740,https://permid.org/1-4294952736,CF Finance Acquisition Corp,13026365454.0,13026365400.0,,,,,,,http://sws.geonames.org/6252001/,http://sws.geonames.org/6252001/,,,
https://permid.org/1-5073404033,tr-org:Organization,5073404033,https://permid.org/1-25727346811,https://permid.org/1-25727346813,"317 University Avenue, Suite 200
PALO ALTO
CALIFORNIA
94301
","Cayman Islands
",tr-org:statusActive,16503885937.0,tr-org:publiclyHeld,2020-04-28T04:00:00Z,2019-10-18T00:00:00Z,https://permid.org/1-4294952737,https://permid.org/1-4294952740,https://permid.org/1-4294952736,Social Capital Hedosophia Holdings II Corp,,,,,,,,,http://sws.geonames.org/3580718/,,,,
https://permid.org/1-5035488475,tr-org:Organization,5035488475,,,"3 Bethesda Metro Ctr Ste 1000
BETHESDA
MARYLAND
20814-6347
",,tr-org:statusActive,13012807737.0,,,,,,,Rlj Spac Acquisition  LLC,,,,,,,,,http://sws.geonames.org/6252001/,http://sws.geonames.org/6252001/,,,
https://permid.org/1-5046706789,tr-org:Organization,5046706789,https://permid.org/1-21577376796,https://permid.org/1-21577376795,"250 W 57th St Ste 2223
NEW YORK
NEW YORK
10107-0013
","Maples Corporate Services Limited
P.O. Box 309
Ugland House
GRAND CAYMAN
KY1-1104
Cayman Islands
",tr-org:statusInActive,16465653861.0,,2015-11-25T05:00:00Z,2015-07-01T00:00:00Z,https://permid.org/1-4294952737,https://permid.org/1-4294952740,https://permid.org/1-4294952736,Andina Acquisition Corp II,,,,,,,,,http://sws.geonames.org/3580718/,http://sws.geonames.org/6252001/,http://www.andinaacquisition.com/,2018-03-15T00:00:00Z,
https://permid.org/1-5045870105,tr-org:Organization,5045870105,https://permid.org/1-21567220225,https://permid.org/1-21567220224,"Maples Corporate Services Limited
Po Box 309, Ugland House
GRAND CAYMAN
KY1-1104
Cayman Islands
","Maples Corporate Services Limited
P.O. Box 309
GRAND CAYMAN
KY1-1104
Cayman Islands
",tr-org:statusInActive,3459498066.0,,2015-07-10T04:00:00Z,2015-01-28T00:00:00Z,https://permid.org/1-4294952737,https://permid.org/1-4294952740,https://permid.org/1-4294952736,GP Investments Acquisition Corp,,13459498066.0,,,,,,,http://sws.geonames.org/3580718/,http://sws.geonames.org/3580718/,,2017-10-10T00:00:00Z,
https://permid.org/1-5001169395,tr-org:Organization,5001169395,,,"United States
",,tr-org:statusActive,,,,,,,,FLORIDA FINANCIAL ACQUISITION CORP,,,,,,,,,,http://sws.geonames.org/6252001/,,,
https://permid.org/1-5073496390,tr-org:Organization,5073496390,,,"Cayman Islands
",,tr-org:statusActive,,,,,,,,Tpg Pace III Holdings Corp.,,,,,,,,,,http://sws.geonames.org/3580718/,,,
https://permid.org/1-5041067940,tr-org:Organization,5041067940,,,"1166 Avenue Of The Americas
NEW YORK
NEW YORK
10036
","C/O Wl Ross & Co., Llc,600 Lexington Avenue


NEW YORK
NEW YORK
10022
",tr-org:statusActive,12128261100.0,,,2005-12-21T00:00:00Z,https://permid.org/1-4294952999,https://permid.org/1-4294952782,https://permid.org/1-4294952996,WL Ross Group LP,,,,,,,,,http://sws.geonames.org/6252001/,http://sws.geonames.org/6252001/,,,
https://permid.org/1-5074207264,tr-org:Organization,5074207264,https://permid.org/1-25727348230,https://permid.org/1-25727348231,"299 Park Avenue
21St Floor

NEW YORK
NEW YORK
10171
","Corporation Trust Center
1209 Orange Street
New Castle County
WILMINGTON
DELAWARE
19801
",tr-org:statusActive,12124573300.0,tr-org:publiclyHeld,2020-05-20T04:00:00Z,1970-01-01T00:00:00Z,https://permid.org/1-4294952737,https://permid.org/1-4294952740,https://permid.org/1-4294952736,B Riley Principal Merger II Corp,13026555049.0,13026587581.0,,,,,,,,,https://brileyfin.com/principalmergercorp/,,
https://permid.org/1-5056410233,tr-org:Organization,5056410233,https://permid.org/1-25727434530,https://permid.org/1-25727434531,"301 Commerce St Ste 3300
FORT WORTH
TEXAS
76102-4133
","Maples Corporate Services Limited
Ugland House
PO Box 309
GRAND CAYMAN
KY1-1104
Cayman Islands
",tr-org:statusInActive,12124058458.0,,2017-06-28T04:00:00Z,2017-02-14T00:00:00Z,https://permid.org/1-4294952737,https://permid.org/1-4294952740,https://permid.org/1-4294952736,TPG Pace Holdings Corp,,,,,,,,,http://sws.geonames.org/3580718/,http://sws.geonames.org/6252001/,https://www.tpg.com/tpg-pace-holdings,2019-11-20T00:00:00Z,
https://permid.org/1-5037928209,tr-org:Organization,5037928209,,,"6Th Floor
Petru Rares 48
CHISINAU
2005
Moldova
","6Th Floor
Petru Rares 48
CHISINAU
2005
Moldova
",tr-org:statusActive,37322293375.0,,,,,,,Kitcapital,37379606015.0,37322293375.0,,,,,,,http://sws.geonames.org/617790/,http://sws.geonames.org/617790/,http://kitcapital.md/,,37379606015.0
https://permid.org/1-5035087924,tr-org:Organization,5035087924,,,"3 Azrieli Center (Triangle Tower), Fl 42
TEL AVIV-YAFO
67023
Israel
","Nemours Chambers
Road Town
TORTOLA
British Virgin Islands
",tr-org:statusInActive,97236075170.0,,,2011-04-06T00:00:00Z,https://permid.org/1-4294952737,https://permid.org/1-4294952740,https://permid.org/1-4294952736,Infinity Cross Border Acquisition Corp,,,,,,,,,http://sws.geonames.org/3577718/,http://sws.geonames.org/294640/,,2014-04-14T00:00:00Z,
https://permid.org/1-5037652885,tr-org:Organization,5037652885,,,,"DELAWARE
",tr-org:statusActive,,,,,,,,Boyd Acquisition Finance Corp,,,,,,,,,http://sws.geonames.org/6252001/,,,,
https://permid.org/1-5066621111,tr-org:Organization,5066621111,https://permid.org/1-25727383829,https://permid.org/1-25727383830,"800 Westchester Ave Ste 632


RYE BROOK
NEW YORK
10573-1354
","251 Little Falls Dr
WILMINGTON
DELAWARE
19808-1674
",tr-org:statusActive,19147015260.0,tr-org:publiclyHeld,2018-12-11T05:00:00Z,2018-06-11T00:00:00Z,https://permid.org/1-4294952737,https://permid.org/1-4294952740,https://permid.org/1-4294952736,Schultze Special Purpose Acquisition Corp,13026365454.0,13026365400.0,,,,,,,http://sws.geonames.org/6252001/,http://sws.geonames.org/6252001/,https://samcospac.com/,,
https://permid.org/1-5073784372,tr-org:Organization,5073784372,,,,,tr-org:statusActive,,,,,,,,Great Wall Wl Ross Cayman Ultimate GP Ltd,,,,,,,,,http://sws.geonames.org/3580718/,,,,
https://permid.org/1-5000262271,tr-org:Organization,5000262271,,,,"Corporation Trust Center
1209 Orange Street
New Castle County
WILMINGTON
DELAWARE
19801
",tr-org:statusActive,,,,2006-04-06T00:00:00Z,,,,Wl Ross & Co (india) LLC,13026555049.0,13026587581.0,,,,,,,http://sws.geonames.org/6252001/,http://sws.geonames.org/6252001/,,,
https://permid.org/1-4295941593,tr-org:Organization,4295941593,,,"1166 Avenue of the Americas


NEW YORK
NEW YORK
10036-2708
","Corporation Trust Center
1209 Orange Street
New Castle County
WILMINGTON
DELAWARE
19801
",tr-org:statusActive,12128261100.0,,,2000-03-10T00:00:00Z,https://permid.org/1-4294952739,https://permid.org/1-4294952740,https://permid.org/1-4294952738,WL Ross & Co LLC,13026555049.0,13026587581.0,,,,,,QL2XXDQ1GWTNYEMLMV26,http://sws.geonames.org/6252001/,http://sws.geonames.org/6252001/,https://www.invesco.com,,12123174892.0
https://permid.org/1-5076113984,tr-org:Organization,5076113984,https://permid.org/1-25727343341,https://permid.org/1-25727343343,"412 West 15th Street, Floor 9


NEW YORK
NEW YORK
10011
","





Cayman Islands
",tr-org:statusActive,16463439298.0,tr-org:publiclyHeld,2020-08-04T04:00:00Z,2020-05-25T00:00:00Z,https://permid.org/1-4294952737,https://permid.org/1-4294952740,https://permid.org/1-4294952736,Health Sciences Acquisitions Corporation 2,,,,,,,,,http://sws.geonames.org/3580718/,,,,
https://permid.org/1-5073705843,tr-org:Organization,5073705843,,,,,tr-org:statusActive,,,,,,,,Great Wall Wl Ross Cayman Associates LP,,,,,,,,,http://sws.geonames.org/3580718/,,,,
https://permid.org/1-5024346097,tr-org:Organization,5024346097,,,"United States
",,tr-org:statusActive,,,,,,,,RLJ Corp,,,,,,,,,,http://sws.geonames.org/6252001/,,,
https://permid.org/1-5035932846,tr-org:Organization,5035932846,,,"United States
",,tr-org:statusActive,,,,,,,,JWC Acquisition Security Corp,,,,,,,,,,http://sws.geonames.org/6252001/,,,
https://permid.org/1-5043339072,tr-org:Organization,5043339072,,,"11921 Freedom Dr Ste 550
RESTON
VIRGINIA
20190-5635
","DELAWARE
",tr-org:statusActive,12028004333.0,,,,,,,Global Defense & National Security Holdings LLC,,,,,,,,,http://sws.geonames.org/6252001/,http://sws.geonames.org/6252001/,,,
https://permid.org/1-5067514168,tr-org:Organization,5067514168,https://permid.org/1-25727374783,https://permid.org/1-25727374784,"40 W 57th St Fl 29


NEW YORK
NEW YORK
10019-4001
","251 Little Falls Dr


WILMINGTON
DELAWARE
19808-1674
",tr-org:statusActive,12127162042.0,tr-org:publiclyHeld,2019-02-28T05:00:00Z,2018-11-13T00:00:00Z,https://permid.org/1-4294952737,https://permid.org/1-4294952740,https://permid.org/1-4294952736,Diamondpeak Holdings Corp,13026365454.0,13026365400.0,,,,,,,http://sws.geonames.org/6252001/,http://sws.geonames.org/6252001/,,,
https://permid.org/1-5047441424,tr-org:Organization,5047441424,,,"2100 Ross Ave Ste 800
DALLAS
TEXAS
75201-6708
","TEXAS
",tr-org:statusActive,12143299939.0,,,,https://permid.org/1-4294952737,https://permid.org/1-4294952740,https://permid.org/1-4294952736,Dundon Capital Acquisition Corp,,,,,,,,,http://sws.geonames.org/6252001/,http://sws.geonames.org/6252001/,,,
https://permid.org/1-5040050205,tr-org:Organization,5040050205,https://permid.org/1-21525629019,https://permid.org/1-21525617321,"Suite 247
1450 2Nd Street
SANTA MONICA
CALIFORNIA
90401
","Corporation Trust Center
1209 Orange Street
New Castle County
WILMINGTON
DELAWARE
19801
",tr-org:statusActive,13102097280.0,,2013-07-25T04:00:00Z,2013-04-11T00:00:00Z,https://permid.org/1-4294952737,https://permid.org/1-4294952740,https://permid.org/1-4294952736,Silver Eagle Acquisition Corp,13026555049.0,13026587581.0,,,,,,,http://sws.geonames.org/6252001/,http://sws.geonames.org/6252001/,,,
https://permid.org/1-5057860007,tr-org:Organization,5057860007,https://permid.org/1-25727418385,https://permid.org/1-21623805521,"650 5th Ave Fl 31
NEW YORK
NEW YORK
10019-6108
","251 Little Falls Dr
WILMINGTON
DELAWARE
19808-1674
",tr-org:statusActive,12126169600.0,,2017-10-25T04:00:00Z,2017-04-26T00:00:00Z,https://permid.org/1-4294952737,https://permid.org/1-4294952740,https://permid.org/1-4294952736,Haymaker Acquisition Corp,13026365454.0,13026365400.0,,,,,,,http://sws.geonames.org/6252001/,http://sws.geonames.org/6252001/,,,
https://permid.org/1-5068484233,tr-org:Organization,5068484233,https://permid.org/1-25727372827,https://permid.org/1-25727372828,"1345 Avenue Of The Americas 11Th Fl


NEW YORK
NEW YORK
10105
","Maples Corporate Services Limited, PO Box 309, Ugland House
GRAND CAYMAN
KY1-1104
Cayman Islands
",tr-org:statusInActive,19103226193.0,,2019-04-26T04:00:00Z,2018-08-16T00:00:00Z,https://permid.org/1-4294952737,https://permid.org/1-4294952740,https://permid.org/1-4294952736,Act II Global Acquisition Corp,,,,,,,,,http://sws.geonames.org/3580718/,,,2020-06-24T00:00:00Z,
https://permid.org/1-5068934015,tr-org:Organization,5068934015,https://permid.org/1-25727367035,https://permid.org/1-25727367036,"135 E 57th St Fl 18


NEW YORK
NEW YORK
10022-2050
","1013 Centre Rd Ste 403-B
WILMINGTON
DELAWARE
19805-1270
",tr-org:statusActive,16469487100.0,tr-org:publiclyHeld,2019-07-12T04:00:00Z,2019-03-05T00:00:00Z,https://permid.org/1-4294952737,https://permid.org/1-4294952740,https://permid.org/1-4294952736,Tuscan Holdings Corp II,18458183588.0,13024977115.0,,,,,,549300PT0K8ZAABWJU18,,,,,
https://permid.org/1-5076366897,tr-org:Organization,5076366897,,,"Colombia
",,tr-org:statusActive,,,,,,,,Andina Acquisition Corp. III,,,,,,,,,http://sws.geonames.org/3580718/,http://sws.geonames.org/3686110/,,,
https://permid.org/1-4297579714,tr-org:Organization,4297579714,,,"PO Box 243
NUTLEY
NEW JERSEY
7110
",,tr-org:statusActive,8003256339.0,,,,,,,Security Defense Systems Corp,,,,,,,,,http://sws.geonames.org/6252001/,http://sws.geonames.org/6252001/,http://www.securitydefense.com,,
https://permid.org/1-5001213059,tr-org:Organization,5001213059,,,"Suite 4300
1000 Winter Street
Bay Colony Corporate Center - North Entrance
WALTHAM
MASSACHUSETTS
02451
","Corporation Trust Center
1209 Orange Street
New Castle County
WILMINGTON
DELAWARE
19801
",tr-org:statusActive,16177531100.0,,,2010-07-22T00:00:00Z,https://permid.org/1-4294952737,https://permid.org/1-4294952740,https://permid.org/1-4294952736,JWC Acquisition Corp,13026555049.0,13026587581.0,,,,,,,http://sws.geonames.org/6252001/,http://sws.geonames.org/6252001/,,,
https://permid.org/1-5067935895,tr-org:Organization,5067935895,https://permid.org/1-25727377820,https://permid.org/1-25727377821,"135 E 57th St Fl 18


NEW YORK
NEW YORK
10022-2050
","1013 Centre Rd Ste 403-B
WILMINGTON
DELAWARE
19805-1270
",tr-org:statusActive,19172086200.0,tr-org:publiclyHeld,2019-03-05T05:00:00Z,2018-11-05T00:00:00Z,https://permid.org/1-4294952737,https://permid.org/1-4294952740,https://permid.org/1-4294952736,Tuscan Holdings Corp,18458183588.0,13024977115.0,,,,,,549300J4UX9OMHSTKS35,http://sws.geonames.org/6252001/,http://sws.geonames.org/6252001/,,,
https://permid.org/1-5046655439,tr-org:Organization,5046655439,,,"Fh Chambers, P.O. Box 4649, Road Town
TORTOLA
VG1110
British Virgin Islands
",,tr-org:statusActive,,,,,,,,CIS Acquisition Holding Co Ltd,,,,,,,,2138008UHIYZWW7V3U37,,http://sws.geonames.org/3577718/,,,
https://permid.org/1-5069409752,tr-org:Organization,5069409752,https://permid.org/1-25727367410,https://permid.org/1-25727367411,"650 5th Ave Fl 10


New York
NEW YORK
NEW YORK
10019-6108
","251 Little Falls Dr
WILMINGTON
DELAWARE
19808-1674
",tr-org:statusActive,12126169600.0,tr-org:publiclyHeld,2019-06-07T04:00:00Z,2019-02-13T00:00:00Z,https://permid.org/1-4294952737,https://permid.org/1-4294952740,https://permid.org/1-4294952736,Haymaker Acquisition Corp II,13026365454.0,13026365400.0,,,,,,,,,https://haymakeracquisition.com/,,
https://permid.org/1-5040928497,tr-org:Organization,5040928497,,,"United States
",,tr-org:statusInActive,,,,,https://permid.org/1-4294952739,https://permid.org/1-4294952740,https://permid.org/1-4294952738,Harmony Merger Sub Inc,,,,,,,,,http://sws.geonames.org/6252001/,http://sws.geonames.org/6252001/,,2014-08-31T00:00:00Z,
https://permid.org/1-5056441902,tr-org:Organization,5056441902,,,,,tr-org:statusInActive,,,,,,,,Harmony Merger Sub LLC,,,,,,,,,http://sws.geonames.org/6252001/,,,1800-01-01T00:00:00Z,
https://permid.org/1-5035094892,tr-org:Organization,5035094892,https://permid.org/1-21504065223,https://permid.org/1-21504010795,"50Th Floor
500 Fifth Avenue
NEW YORK
NEW YORK
10110
","850 New Burton Rd Ste 201
DOVER
DELAWARE
19904-5451
",tr-org:statusActive,12126443450.0,,,2011-02-24T00:00:00Z,https://permid.org/1-4294952737,https://permid.org/1-4294952740,https://permid.org/1-4294952736,Hyde Park Acquisition Corp II,18002535177.0,18004831140.0,,,,,,,http://sws.geonames.org/6252001/,http://sws.geonames.org/6252001/,,,
https://permid.org/1-5066624821,tr-org:Organization,5066624821,https://permid.org/1-25727377798,https://permid.org/1-25727377799,"250 W 57th St Ste 2223


NEW YORK
NEW YORK
10107-0013
","Cayman Islands
",tr-org:statusActive,16465653861.0,tr-org:publiclyHeld,2019-01-29T05:00:00Z,,https://permid.org/1-4294952737,https://permid.org/1-4294952740,https://permid.org/1-4294952736,Andina Acquisition Corp III,,,,,,,,,http://sws.geonames.org/3580718/,http://sws.geonames.org/3686110/,,,
https://permid.org/1-5068926792,tr-org:Organization,5068926792,https://permid.org/1-25727373276,https://permid.org/1-21693860889,"1510 West Loop S


HOUSTON
TEXAS
77027
","Corporation Trust Center
1209 Orange Street
New Castle County
WILMINGTON
DELAWARE
19801
",tr-org:statusActive,17138501010.0,tr-org:publiclyHeld,2019-05-07T04:00:00Z,2015-08-11T00:00:00Z,https://permid.org/1-4294952737,https://permid.org/1-4294952740,https://permid.org/1-4294952736,Landcadia Holdings II Inc,13026555049.0,13026587581.0,,,,,,,,,,,
https://permid.org/1-5043416672,tr-org:Organization,5043416672,https://permid.org/1-21550228642,https://permid.org/1-21550228632,"1330 Avenue of the Americas
NEW YORK
NEW YORK
10019-5400
","251 Little Falls Dr
WILMINGTON
DELAWARE
19808-1674
",tr-org:statusActive,12123566130.0,,2014-10-02T04:00:00Z,2014-07-25T00:00:00Z,https://permid.org/1-4294952737,https://permid.org/1-4294952740,https://permid.org/1-4294952736,Axar Acquisition Corp,13026365454.0,13026365400.0,,,,,,,http://sws.geonames.org/6252001/,http://sws.geonames.org/6252001/,http://www.arcapitalacquisitioncorp.com/,,
https://permid.org/1-4295899132,tr-org:Organization,4295899132,https://permid.org/1-55835385705,https://permid.org/1-8590940297,"PO Box 55
MCHENRY
ILLINOIS
60051-9000
","GEORGIA
",tr-org:statusActive,18155754815.0,tr-org:publiclyHeld,2003-11-17T05:00:00Z,2008-01-16T00:00:00Z,https://permid.org/1-4294952830,https://permid.org/1-4294952723,https://permid.org/1-4294952829,Coastal Capital Acquisition Corp,,,,,,,,,http://sws.geonames.org/6252001/,http://sws.geonames.org/6252001/,,,
https://permid.org/1-4296486144,tr-org:Organization,4296486144,,,"United States
",,tr-org:statusActive,,,,,,,,FARMERS UNION INSURANCE ACQUISITION CORP,,,,,,,,,,http://sws.geonames.org/6252001/,,,
https://permid.org/1-5057954135,tr-org:Organization,5057954135,,,"6250 N River Rd Ste 9000
ROSEMONT
ILLINOIS
60018-4241
","Corporation Trust Center
1209 N Orange St
WILMINGTON
DELAWARE
19801-1120
",tr-org:statusActive,,,,,,,,"Lone Oak - Carson, L.L.C.",,,,,,,,549300GQLXLT54OKTP67,http://sws.geonames.org/6252001/,http://sws.geonames.org/6252001/,,,
https://permid.org/1-5057858656,tr-org:Organization,5057858656,https://permid.org/1-25727418820,https://permid.org/1-21623254933,"375 Park Avenue South
Suite 2607
NEW YORK
NEW YORK
10152-2600
","PO Box 309
Ugland House
GRAND CAYMAN
KY1-1104
Cayman Islands
",tr-org:statusInActive,12127630153.0,,2017-10-19T04:00:00Z,2017-07-26T00:00:00Z,https://permid.org/1-4294952737,https://permid.org/1-4294952740,https://permid.org/1-4294952736,Mosaic Acquisition Corp,,,,,,,,,http://sws.geonames.org/3580718/,http://sws.geonames.org/6252001/,https://mosaicac.com/,2018-12-21T00:00:00Z,
https://permid.org/1-4298486124,tr-org:Organization,4298486124,,,"181 Bay Street, Suite 4400
Bay Wellington Tower
TORONTO
ONTARIO
M5J 2T3
Canada
",,tr-org:statusActive,,,,,,,,Cdc Acquisition Ii Corp,,,,,,,,,http://sws.geonames.org/6251999/,http://sws.geonames.org/6251999/,,,
https://permid.org/1-5067504536,tr-org:Organization,5067504536,https://permid.org/1-25727372902,https://permid.org/1-25727372903,"2929 Arch St Ste 1703


PHILADELPHIA
PENNSYLVANIA
19104
","110 S Poplar St Ste 101
WILMINGTON
DELAWARE
19801-5034
",tr-org:statusActive,12157019671.0,tr-org:publiclyHeld,2019-03-20T04:00:00Z,2018-03-13T00:00:00Z,https://permid.org/1-4294952737,https://permid.org/1-4294952740,https://permid.org/1-4294952736,Insurance Acquisition Corp,,,,,,,,5493000DBZBX1I1QVY71,http://sws.geonames.org/6252001/,http://sws.geonames.org/6252001/,,,
https://permid.org/1-5063775043,tr-org:Organization,5063775043,https://permid.org/1-25727401132,https://permid.org/1-25727401133,"390 Park Ave


NEW YORK
NEW YORK
10022
","Corporation Trust Center
1209 Orange Street
New Castle County
WILMINGTON
DELAWARE
19801
",tr-org:statusActive,12127153880.0,,2018-06-12T04:00:00Z,2018-02-23T00:00:00Z,https://permid.org/1-4294952737,https://permid.org/1-4294952740,https://permid.org/1-4294952736,Far Point Acquisition Corp,13026555049.0,13026587581.0,,,,,,,http://sws.geonames.org/6252001/,http://sws.geonames.org/6252001/,,,
https://permid.org/1-5073627287,tr-org:Organization,5073627287,https://permid.org/1-25727346712,https://permid.org/1-25727346714,"17 State Street, 21 Floor


NEW YORK
NEW YORK
10004
","614 N Dupont Hwy Suite 210
DOVER
DELAWARE
19901
",tr-org:statusActive,16464659002.0,tr-org:publiclyHeld,2020-04-24T04:00:00Z,2018-12-19T00:00:00Z,https://permid.org/1-4294952737,https://permid.org/1-4294952740,https://permid.org/1-4294952736,Chardan Healthcare Acquisition 2 Corp,,13027363466.0,,,,,,,,,,,
https://permid.org/1-5035972932,tr-org:Organization,5035972932,,,"United States
",,tr-org:statusActive,,,,,,,,Agfa II Acquisition Corp,,,,,,,,,,http://sws.geonames.org/6252001/,,,
https://permid.org/1-5057955821,tr-org:Organization,5057955821,,,"6250 N River Rd
ROSEMONT
ILLINOIS
60018-4247
","Corporation Trust Center
1209 N Orange St
WILMINGTON
DELAWARE
19801-1120
",tr-org:statusActive,,,,,,,,"Lone Oak - Downey, L.L.C.",,,,,,,,549300WDVWMKLPKC3L88,http://sws.geonames.org/6252001/,http://sws.geonames.org/6252001/,,,
https://permid.org/1-5000366478,tr-org:Organization,5000366478,,,"2401 PGA BOULEVARD
SUITE 100
PALM BEACH GARDENS
FLORIDA
33410
",,tr-org:statusActive,5616275053.0,,,,,,,CutCo Aquisition Corp,,,,,,,,,http://sws.geonames.org/6252001/,http://sws.geonames.org/6252001/,,,
https://permid.org/1-5067504119,tr-org:Organization,5067504119,,,"DELAWARE
",,tr-org:statusActive,,,,,https://permid.org/1-4294952739,https://permid.org/1-4294952740,https://permid.org/1-4294952738,Pivotal Acquisition Holdings LLC,,,,,,,,,,http://sws.geonames.org/6252001/,,,
https://permid.org/1-5005524002,tr-org:Organization,5005524002,https://permid.org/1-25727416848,https://permid.org/1-21622987849,"1000 Louisiana St Ste 3850


HOUSTON
TEXAS
77002-5057
","251 Little Falls Drive
New Castle County
WILMINGTON
DELAWARE
19808
",tr-org:statusActive,12814070686.0,tr-org:publiclyHeld,2017-11-03T04:00:00Z,2018-12-28T00:00:00Z,https://permid.org/1-4294952737,https://permid.org/1-4294952740,https://permid.org/1-4294952736,Sentinel Energy Services Inc,13026365454.0,13026365400.0,,,,,,549300DRMDUIJNUC2L19,http://sws.geonames.org/6252001/,http://sws.geonames.org/6252001/,https://sentinelenergyservices.com/about-us,,
https://permid.org/1-5050986780,tr-org:Organization,5050986780,,,"MOBILE
ALABAMA
","4721 Morrison Dr
MOBILE
ALABAMA
36609-3350
",tr-org:statusActive,,,,2008-03-27T00:00:00Z,,,,Medworth LLC,,,,,,,,,http://sws.geonames.org/6252001/,http://sws.geonames.org/6252001/,,,
https://permid.org/1-4297603215,tr-org:Organization,4297603215,,,"55 5th Ave Fl 18
NEW YORK
NEW YORK
10003-4301
",,tr-org:statusActive,12129896899.0,,,,,,,Carter Acquisition Corp Ii,,,,,,,,,http://sws.geonames.org/6252001/,http://sws.geonames.org/6252001/,,,
https://permid.org/1-4295861612,tr-org:Organization,4295861612,https://permid.org/1-21475333991,https://permid.org/1-8590943978,"300-224 Esplanade W
NORTH VANCOUVER
BRITISH COLUMBIA
V7M 3M6
Canada
","711 Capitol Way S Ste 204


OLYMPIA
WASHINGTON
98501
",tr-org:statusActive,16049045298.0,,,1996-11-25T00:00:00Z,https://permid.org/1-4294952830,https://permid.org/1-4294952723,https://permid.org/1-4294952829,Pivotal Corp,,,,,,,,,http://sws.geonames.org/6252001/,http://sws.geonames.org/6251999/,,1800-01-02T00:00:00Z,16049045298.0
https://permid.org/1-5051775033,tr-org:Organization,5051775033,https://permid.org/1-25769765752,https://permid.org/1-25769765754,"10100 Santa Monica Blvd Fl 26
LOS ANGELES
CALIFORNIA
90067-4003
","PO Box 309, Ugland House
GRAND CAYMAN
KY1-1104
Cayman Islands
",tr-org:statusActive,13105575100.0,,2016-09-16T04:00:00Z,2016-03-15T00:00:00Z,https://permid.org/1-4294952737,https://permid.org/1-4294952740,https://permid.org/1-4294952736,Saban Capital Acquisition Corp,,,,,,,,,http://sws.geonames.org/3580718/,http://sws.geonames.org/6252001/,,,
https://permid.org/1-5073351917,tr-org:Organization,5073351917,,,,,tr-org:statusActive,,,,,,,,Caivis Acquisition II Corp,,,,,,,,,,,,,
https://permid.org/1-5000616357,tr-org:Organization,5000616357,,,"





United States
","2711 Centerville Rd Ste 400
WILMINGTON
DELAWARE
19808-1645
",tr-org:statusActive,,,,1984-09-24T00:00:00Z,https://permid.org/1-4294952739,https://permid.org/1-4294952740,https://permid.org/1-4294952738,Pace Group Holdings Inc,,13026365400.0,,,,,,,http://sws.geonames.org/6252001/,http://sws.geonames.org/6252001/,,,
https://permid.org/1-5035898513,tr-org:Organization,5035898513,,,,,tr-org:statusActive,,,,,,,,L&L Acquisition Securities Corp,,,,,,,,,http://sws.geonames.org/6252001/,,,,
https://permid.org/1-5057562120,tr-org:Organization,5057562120,,,"2603 SE 17th St Ste A
OCALA
FLORIDA
34471-5563
","2603 SE 17th St Ste A
OCALA
FLORIDA
34471-5563
",tr-org:statusActive,,,,,,,,Aquasition LLC,,,,,,,,549300Q5ZL6Z7DM5BM37,http://sws.geonames.org/6252001/,http://sws.geonames.org/6252001/,,,
https://permid.org/1-4296840875,tr-org:Organization,4296840875,,,,,tr-org:statusActive,,,,,,,,BLUE TEE AQUISITION CORP,,,,,,,,,,http://sws.geonames.org/6252001/,,,
https://permid.org/1-5058528866,tr-org:Organization,5058528866,,,"6250 N River Rd Ste 9000
ROSEMONT
ILLINOIS
60018-4241
","Corporation Trust Center
1209 N Orange St
WILMINGTON
DELAWARE
19801-1120
",tr-org:statusActive,,,,,,,,"Lone Oak - Industry, L.L.C.",,,,,,,,5493007WYY2S2C4WUA28,http://sws.geonames.org/6252001/,http://sws.geonames.org/6252001/,,,
https://permid.org/1-5037844849,tr-org:Organization,5037844849,,,,,tr-org:statusActive,,,,,https://permid.org/1-4294952885,https://permid.org/1-4294952895,https://permid.org/1-4294952884,Full Pace Holdings Ltd,,,,,,,,,http://sws.geonames.org/3577718/,,,,
https://permid.org/1-5001062338,tr-org:Organization,5001062338,,,"United States
",,tr-org:statusActive,,,,,,,,Alliance Aquisition Corp (De),,,,,,,,,,http://sws.geonames.org/6252001/,,,
https://permid.org/1-5074551196,tr-org:Organization,5074551196,,,"Canada
",,tr-org:statusActive,,,,,,,,Pivotal Corp,,,,,,,,,http://sws.geonames.org/6251999/,http://sws.geonames.org/6251999/,,,
https://permid.org/1-5056443151,tr-org:Organization,5056443151,,,"510 Madison Ave Fl 17
NEW YORK
NEW YORK
10022-5730
",,tr-org:statusActive,,,,,,,,400 Pace Bond Holdings LLC,,,,,,,,549300KBZUG6OKNLLG17,,http://sws.geonames.org/6252001/,,,
https://permid.org/1-5001214521,tr-org:Organization,5001214521,https://permid.org/1-21475753162,https://permid.org/1-21475148661,"20th Floor
265 Franklin Street
BOSTON
MASSACHUSETTS
02110
","Corporation Trust Center
1209 Orange Street
New Castle County
WILMINGTON
DELAWARE
19801
",tr-org:statusActive,16173307755.0,,,2010-07-26T00:00:00Z,https://permid.org/1-4294952737,https://permid.org/1-4294952740,https://permid.org/1-4294952736,L&L Acquisition Corp,13026555049.0,13026587581.0,,,,,,,http://sws.geonames.org/6252001/,http://sws.geonames.org/6252001/,,,
https://permid.org/1-4296104092,tr-org:Organization,4296104092,,,,,tr-org:statusActive,,,,,,,,BLAIR AQUISITION CORP,,,,,,,,,,http://sws.geonames.org/6252001/,,,
https://permid.org/1-5057443880,tr-org:Organization,5057443880,,,"1901 Avenue of the Stars Ste 820
LOS ANGELES
CALIFORNIA
90067-6010
","2140 S Dupont Hwy
CAMDEN
DELAWARE
19934-1249
",tr-org:statusActive,,,,,,,,FL Lone Oak LLC,,,,,,,,549300LL1H4NSCLNJK51,http://sws.geonames.org/6252001/,http://sws.geonames.org/6252001/,,,
https://permid.org/1-5052792001,tr-org:Organization,5052792001,,,,"Cayman Islands
",tr-org:statusActive,,,,,,,,New PACE Holdings Corp,,,,,,,,,http://sws.geonames.org/3580718/,,,,
https://permid.org/1-5038915287,tr-org:Organization,5038915287,,,"11611 San Vicente Blvd Ste 640
LOS ANGELES
CALIFORNIA
90049-6502
",,tr-org:statusActive,13108262888.0,,,,,,,Lone Oak Fund LLC,,,,,,,,,http://sws.geonames.org/6252001/,http://sws.geonames.org/6252001/,,,
https://permid.org/1-4296584830,tr-org:Organization,4296584830,,,"TEXAS
",,tr-org:statusActive,,,,,,,,Pace Holding Inc,,,,,,,,,http://sws.geonames.org/6252001/,http://sws.geonames.org/6252001/,,,
